Marlie Cisneros;El Salvador 4410, C1414BPF CABA, Argentina;padme@att.net;27-15346435-8;https://robohash.org/ajjgfcggd.png;AUTO;2;Contemporáneo y simple pero a su vez elegante y funcional, el Fiat 500 0Km, inspirado en el Chinquechento de hace más de 50 años, es el resultado de la mezcla de aspectos técnicos.;OPO934;Ávalos 1733, Buenos Aires, Argentina;1161675352;367;https://cdn.auto-ies.com/catalog/product/p/0/p0525416-01_120_15.jpg
Lauryn Ho;Maure 3569, C1427EFA CABA, Argentina;falcao@optonline.net;27-35455745-0;https://robohash.org/ajgd.png;AUTO;3;El techo panorámico del Peugeot 2008, además de proporcionar una experiencia única y divertida, ofrece una increíble sensación de libertad.;OIU115;Conesa 1168, C1426AQX CABA, Argentina;1163272422;551;https://www.diariomotor.com/imagenes/picscache/1440x655c/peugeot-2008-04b_1440x655c.jpg
Titus Shah;Humberto 1º 3132, C1231ACL CABA, Argentina;crimsane@live.com;20-44382333-9;https://robohash.org/afxjjgd.png;AUTO;4;Fluence 2017 Disfrutá de las ventajas de la cámara y del sistema de sensores de estacionamiento delanteros y traseros que te ayudan.;GFT526;Bogotá 3822, C1407ESL CABA, Argentina;1137655036;586;http://www.alturotokiralama.com/images/altur_araclar_4_2015-model-fluence-yorumlar.jpg
Alexa Travis;Cucha Cucha 1034, C1405AIL CABA, Argentina;maratb@me.com;27-12345687-2;https://robohash.org/ajeatgd.png;PICKUP;4;Duster 2016, es un compañero de viaje igualmente equipado para la vida diaria como para la aventura.;UHG658;Pergamino 992, C1406FHT CABA, Argentina;1155992098;352;https://acs2.blob.core.windows.net/imgcatalogo/xl/VA_528111c3de32485d9b150219f7cb73fb.jpg
Giancarlo King;Bravard 1130, C1414BXB CABA, Argentina;djupedal@live.com;20-34273586-5;https://robohash.org/ajglkjd.png;AUTO;3;Chevrolet Onix 2015 es un auto con personalidad. Entre otras novedades, cuenta con líneas más agresivas y dinámicas.;IHU457;Las Provincias 3040, C1416DBB CABA, Argentina;1168698268;319;https://acs2.blob.core.windows.net/imgcatalogo/l/VA_4a8d1f5e39d4400ebe1c99a5ea0e6169.jpg
Rohan Fisher;Larrea 264, C1030AAF CABA, Argentina;nighthawk@aol.com;20-25456467-4;https://robohash.org/ajnlkjngd.png;MOTORBIKE;1;Kawasaki Ninja 250R es una Motocicleta originalmente introducida por Kawasaki en 1983 como un modelo de nivel principiante de motocicleta deportiva.;608PJG;Holmberg 1015, Buenos Aires, Argentina;1145437866;474;https://auto.ndtvimg.com/bike-images/big/kawasaki/ninja-h2r/kawasaki-ninja-h2r.jpg
Payten Mcintosh;Punta Arenas 1468, Buenos Aires, Argentina;stevelim@outlook.com;20-32175676-2;https://robohash.org/ajjgfcggd.png;AUTO;5;Argo 2017 El interior del Argo es refinado, de alta calidad y sorprendente. Encanta por la sofisticación en los detalles.;JHF829;Arcos 2205, C1428AFI CABA, Argentina;1147129321;436;https://http2.mlstatic.com/fiat-argo-18-precision-D_NQ_NP_900537-MLA26065224359_092017-F.jpg
Rylan Lin;Virrey Avilés 3153, C1426EEE CABA, Argentina;grolschie@icloud.com;20-23455468-5;https://robohash.org/ajgd.png;PICKUP;7;Ducato 2010 El estilo de la nueva Ducato transmite una sensación inmediata de practicidad y robustez.;KBG132;Lafinur 3276, Buenos Aires, Argentina;1141016270;560;https://acs2.blob.core.windows.net/imgcatalogo/xl/VA_c5e9f069290841c883d0004637e87996.jpg
Fernanda Howe;Rodríguez Peña 1407, C1021ABE CABA, Argentina;kidehen@mac.com;27-32476655-9;https://robohash.org/ajfhggd.png;AUTO;2;Cronos 2017 El panel esboza modernidad y fluidez, compuesto de tres niveles, con tres salidas circulares de aire al centro.;LKJ718;El Salvador 4410, C1414BPF CABA, Argentina;1138301852;485;https://acs2.blob.core.windows.net/imgcatalogo/l/VA_49d899aa2d6e4153bf11f0d97d5377f0.jpg
Asia Flowers;Pres. Luis Sáenz Peña 645, C1110AAM CABA, Argentina;kmself@comcast.net;27-21235246-3;https://robohash.org/ajgersd.png;AUTO;2;Nissan Note 2018 ofrece un rendimiento de combustible excepcional, que te permite viajar más lejos.;HYT979;Maure 3569, C1427EFA CABA, Argentina;1133467950;387;https://acs2.blob.core.windows.net/imgcatalogo/l/VA_8a940845060b4ae287c9b988df7411f7.jpg
Chelsea Shields;Tandil 2622, C1406HBD CABA, Argentina;gemmell@sbcglobal.net;27-32454767-2;https://robohash.org/afxjjgd.png;PICKUP;6;Frontier 2016 El área de carga es muy versátil, ya que está pensada para adaptarse a tus necesidades.;JJK875;Campillo 3159, C1427DCO CABA, Argentina;1165560746;348;https://static.autocity.com.ar/images/uploads/c3c6b4508b8747efb8049a1361e69d1b.jpg
Konnor Mcdonald;Alcaraz 5256, Buenos Aires, Argentina;rtanter@att.net;20-35112323-3;https://robohash.org/ajeatgd.png;AUTO;3;Sentra 2013 fue diseñado para revestirse de calidad. Finos materiales suaves al tacto y lujos inesperados recubren la cabina;ASD793;Campana 2436, C1417ACH CABA, Argentina;1153041912;520;https://imganuncios.mitula.net/2012_nissan_sentra_2040062509476702743.jpg
Skyler Singleton;Los Patos 3241, C1437JAM CABA, Argentina;bancboy@mac.com;20-23415567-2;https://robohash.org/ajglkjd.png;MOTORBIKE;1;Corven Expert 80. Diseño totalmente renovado. Gran agilidad y Economía de uso. Fácil de conducir.;248LOI;Humberto 1º 3132, C1231ACL CABA, Argentina;1163978092;576;https://img.autocosmos.com/contenidos/galerias/1600x1200/GAZ_359074da005b495185ca2b12021f5d3e.jpg
Macey Wells;Pola 2738, C1439END CABA, Argentina;kimvette@hotmail.com;27-54745597-7;https://robohash.org/ajnlkjngd.png;AUTO;4;Fox 2010 ofrece esta nueva opción de cambio de marchas. Se trata de una transmisión de cinco velocidades;HGT295;Cucha Cucha 1034, C1405AIL CABA, Argentina;1144026781;427;https://i.pinimg.com/originals/25/9c/c9/259cc93187f2da0dff0a83280039d3f8.jpg
Jesus Campbell;Oliden 3346, C1439FNL CABA, Argentina;keiji@aol.com;20-35275666-1;https://robohash.org/afhxdgfjgd.png;AUTO;3;Gol 2015 La parte delantera presenta contornos imponentes, de estabilidad visual, con proporciones más horizontales.;DER372;Larrea 264, C1030AAF CABA, Argentina;1150438745;538;https://acs2.blob.core.windows.net/imgcatalogo/l/VA_414804cde3b14eb9adc642b9e057b784.jpg
Yamilet Giles;Av. Regimiento de Patricios 800, C1265 CABA, Argentina;bebing@aol.com;27-34252355-5;https://robohash.org/kjbklajgd.png;AUTO;2;Cruze 2016 Con líneas completamente renovadas, el Nuevo Chevrolet Cruze tiene un diseño sofisticado, elegante y agresivo;OIU266;Punta Arenas 1468, Buenos Aires, Argentina;1159345301;444;https://acs2.blob.core.windows.net/imgcatalogo/l/VA_744da61f6f2a4c5a888615e30144751e.jpg
Phoebe Norton;Rojas 2193, C1416CPW CABA, Argentina;andersbr@msn.com;27-21423454-0;https://robohash.org/alkjkjgd.png;PICKUP;5;pKDTORQRrFiszUWiWAXOcEcHtxxqrxztGZeMHZce;KJY686;Virrey Avilés 3153, C1426EEE CABA, Argentina;1168032593;333;https
Keagan Zhang;Ávalos 1733, Buenos Aires, Argentina;martink@optonline.net;20-23412344-3;https://robohash.org/kjlajgd.png;AUTO;3;td1kUyDu8Iq0mrD7Cg5j5HwyOJRFCXSJ4DxqRygA;SEW210;Rodríguez Peña 1407, C1021ABE CABA, Argentina;1156842142;414;https
Dayanara Moses;Conesa 1168, C1426AQX CABA, Argentina;jsbach@gmail.com;27-32545655-9;https://robohash.org/ajgnkd.png;MOTORBIKE;1;6apa5LwE3MISEEuBH18t9wsPJ53l9rN2c2KbJDrN;638LIT;Pres. Luis Sáenz Peña 645, C1110AAM CABA, Argentina;1135094490;457;https
Koen Burton;Av. Crisólogo Larralde 3609, C1430AIE CABA, Argentina;stomv@outlook.com;20-12445666-2;https://robohash.org/ankjjgd.png;AUTO;3;SfFZzd7JYR8McxEzPp8DYIamynAKYD74jhW0RXeI;FRE490;Tandil 2622, C1406HBD CABA, Argentina;1139649300;510;https
Harley Herring;Pareja 2944, C1419GTR CABA, Argentina;laird@sbcglobal.net;20-32514366-4;https://robohash.org/llkajgd.png;MOTORBIKE;2;OyyjB6O307ZMqab1dPNxnC1mgsrntju8xcdDGNKC;893HTY;Alcaraz 5256, Buenos Aires, Argentina;1131003699;322;https
Noel Costa;Bogotá 3822, C1407ESL CABA, Argentina;druschel@me.com;20-12323423-4;https://robohash.org/kjnajgd.png;PICKUP;5;zXjWKQGdi8pZwOnWBpxmhXArhpHUEfh25oi1Zoly;JHG960;Los Patos 3241, C1437JAM CABA, Argentina;1158495293;592;htpps
Harmony Howard;Pergamino 992, C1406FHT CABA, Argentina;luebke@mac.com;27-21144545-0;https://robohash.org/nkljnajgd.png;AUTO;3;blzoqwHTmg5acpTzLD8IeCp5f8NMd5bClRqTyP75;LKJ160;Pola 2738, C1439END CABA, Argentina;1166338172;499;https
Kianna Zuniga;Las Provincias 3040, C1416DBB CABA, Argentina;ryanshaw@gmail.com;27-23142344-0;https://robohash.org/anknjgd.png;PICKUP;4;hZNwHLpqlZfEtUwxrlRctRp730QUp3xA3M97zBXa;POI572;José María Moreno 3801-3899, Lanús Oeste, Buenos Aires; Argentina;1149862809;372;https
Meredith Knapp;Holmberg 1015, Buenos Aires, Argentina;tfinniga@icloud.com;27-21321231-0;https://robohash.org/nklnajgd.png;MOTORBIKE;2;KFyqwRXdtu71mcdtzC783j4XHgMoYbn2NgTzMf95;368GFD;Oliden 3346, C1439FNL CABA, Argentina;1154335270;550;https
Sidney Christensen;Arcos 2205, C1428AFI CABA, Argentina;leocharre@mac.com;27-23533121-3;https://robohash.org/nlkajgd.png;AUTO;4;ewiusf1RSbcQZeEawAh5i3gA6GsJl0GDUcgsPDqe;SDE337;Av. Regimiento de Patricios 800, C1265 CABA, Argentina;1142372774;304;https
Kamden Mckenzie;Lafinur 3276, Buenos Aires, Argentina;ccohen@aol.com;20-24535345-6;https://robohash.org/anlkjjgd.png;AUTO;4;ePouxrhPWuRcYQBXNJBFBWWsQqp8jr6C3gHcCOb0;CXZ503;Rojas 2193, C1416CPW CABA, Argentina;1131349506;392;https
Leyla Gill;Campana 2436, C1417ACH CABA, Argentina;russotto@mac.com;27-24454322-2;https://robohash.org/ajgersd.png;AUTO;3;El nuevo Peugeot 301 estará disponible por una doble oferta de motorización: un motor naftero de 1.6 litros de 115 CV.;BKJ765;Pareja 2944, C1419GTR CABA, Argentina;1135886123;525;https